{"_runtime":216.613054708,"train/step":0,"_timestamp":1.7559938400939012e+09,"_wandb":{"runtime":216},"train/loss":9.028627395629883,"train/gradient_norm":51.799591729426986,"train/learning_rate":0,"train/epoch":0,"train/wallclock_time":216.45567178726196,"_step":0,"train/step_time":1.5156381130218506}